"uid","time","longitude","latitude","speed","accuracy"
"nnziInMDTH","2022-03-13 14:58:12",-77.647165,43.1781576,0,20
"nnziInMDTH","2022-03-12 19:57:31",-77.5656628,43.1884465,0,41.844
"nnziInMDTH","2022-03-12 09:50:18",-78.8647527,42.9841369,0,14.014
"nnziInMDTH","2022-03-14 01:26:57",-78.8647318,42.9841141,0,14.451
"nnziInMDTH","2022-03-12 08:35:18",-78.8647321,42.9840926,0,17.977
"nnziInMDTH","2022-03-12 12:41:51",-77.5657559,43.1884574,0,18.407
"nnziInMDTH","2022-03-13 19:11:15",-77.6471699,43.1781616,0,20
"nnziInMDTH","2022-03-13 11:57:23",-77.5657492,43.1884502,0,15.206
"nnziInMDTH","2022-03-12 18:37:41",-77.5657436,43.1884545,0,17.289
"nnziInMDTH","2022-03-12 07:22:33",-78.8647304,42.9841064,0,16.179
"nnziInMDTH","2022-03-13 16:53:43",-77.6471661,43.1781575,0,20
"nnziInMDTH","2022-03-13 11:46:11",-77.5657492,43.1884502,0,15.206
"nnziInMDTH","2022-03-12 07:07:00",-78.8647472,42.9840908,0,17.052
"nnziInMDTH","2022-03-13 23:25:16",-78.8359638,43.0028255,0,1799.999
"nnziInMDTH","2022-03-13 20:25:48",-77.6471652,43.1781581,0,20
"nnziInMDTH","2022-03-12 19:22:21",-77.5657265,43.1884859,0,41.968
"nnziInMDTH","2022-03-11 17:24:11",-78.8647617,42.9840876,0,14.867
"nnziInMDTH","2022-03-12 02:50:37",-78.8647229,42.9841116,0,15.571
"nnziInMDTH","2022-03-12 08:45:25",-78.8647366,42.9840888,0,16.079
"nnziInMDTH","2022-03-12 11:51:20",-77.9265136,43.0866852,0,2729
"nnziInMDTH","2022-03-13 13:59:58",-77.5657351,43.1884584,0,22.431
"nnziInMDTH","2022-03-11 19:36:14",-78.864768,42.9841119,0,17.783
"nnziInMDTH","2022-03-11 15:17:23",-78.7890378,43.0008912,0,13.671
"nnziInMDTH","2022-03-12 07:50:34",-78.864731,42.9840857,0,14.864
"nnziInMDTH","2022-03-11 17:57:07",-78.8647935,42.984129,0,14.881
"nnziInMDTH","2022-03-12 11:40:20",-78.1594716,43.0208083,0,2700
"nnziInMDTH","2022-03-12 03:19:51",-78.864738,42.9841021,0,17.06
"nnziInMDTH","2022-03-12 21:21:22",-77.5657516,43.1884845,0,38.729
"nnziInMDTH","2022-03-13 22:27:06",-77.6852705,43.158972,0,110
"nnziInMDTH","2022-03-12 02:09:48",-78.8647525,42.9841273,0,13.95
"nnziInMDTH","2022-03-13 14:20:27",-77.5747873,43.197679,0,19.113
"nnziInMDTH","2022-03-11 18:49:24",-78.8647342,42.9841185,0,17.73
"nnziInMDTH","2022-03-12 09:52:31",-78.8647527,42.9841369,0,14.014
"nnziInMDTH","2022-03-13 17:17:02",-77.6471672,43.1781635,0,20
"nnziInMDTH","2022-03-11 17:06:11",-78.8647617,42.9840876,0,14.867
"nnziInMDTH","2022-03-12 03:35:58",-78.8647414,42.984121,0,15.479
"nnziInMDTH","2022-03-13 11:02:38",-77.565731912929,43.1884472541494,0,12592.371
"nnziInMDTH","2022-03-12 12:52:16",-77.5657344,43.1884866,0,27.827
"nnziInMDTH","2022-03-11 17:41:31",-78.8647491,42.9841055,0,15.666
"nnziInMDTH","2022-03-13 21:26:58",-77.6471703,43.1781618,0,20
"nnziInMDTH","2022-03-11 18:07:28",-78.8647531,42.9840962,0,15.03
"nnziInMDTH","2022-03-12 18:53:21",-77.5621745,43.2031385,0,37.065
"nnziInMDTH","2022-03-11 14:47:57",-78.7846222,43.0017989,0,19.513
"nnziInMDTH","2022-03-12 08:19:47",-78.8647321,42.9840926,0,17.977
"nnziInMDTH","2022-03-13 23:31:50",-78.8607777,42.9841931,0,110
"nnziInMDTH","2022-03-11 18:39:38",-78.8647329,42.9841227,0,15.091
"nnziInMDTH","2022-03-13 21:17:55",-77.6471645,43.1781559,0,20
"nnziInMDTH","2022-03-13 12:16:47",-77.5654757,43.1882742,0.006157757,3.763
"nnziInMDTH","2022-03-12 18:19:25",-77.5657415,43.1884624,0,21.194
"nnziInMDTH","2022-03-11 22:13:59",-78.8647534,42.9840803,0,15.896
"nnziInMDTH","2022-03-13 00:16:16",-77.5656959,43.1884889,0,41.212
"nnziInMDTH","2022-03-12 14:50:47",-77.5656391,43.1885276,0,41.75
"nnziInMDTH","2022-03-12 12:57:03",-77.565412,43.1882454,0.56475127,27.985
"nnziInMDTH","2022-03-11 19:10:10",-78.8647442,42.9841118,0,16.592
"nnziInMDTH","2022-03-12 18:05:36",-77.5657496,43.1884523,0,68.4
"nnziInMDTH","2022-03-13 18:46:53",-77.6471656,43.1781589,0,20
"nnziInMDTH","2022-03-12 22:30:12",-77.565741,43.1884596,0,24.397
"nnziInMDTH","2022-03-13 10:00:16",-77.565719,43.1885172,0,47.299
"nnziInMDTH","2022-03-11 18:39:36",-78.8647669,42.9841112,0,15.522
"nnziInMDTH","2022-03-12 19:54:10",-77.5656628,43.1884465,0,41.844
"nnziInMDTH","2022-03-11 15:27:22",-78.785557,43.0019309,0,13.526
"nnziInMDTH","2022-03-13 15:30:44",-77.6471641,43.1781577,0,20
"nnziInMDTH","2022-03-12 10:09:36",-78.8607819,42.9841967,0,92.9
"nnziInMDTH","2022-03-12 19:34:11",-77.5657265,43.1884859,0,41.968
"nnziInMDTH","2022-03-12 19:28:29",-77.5657265,43.1884859,0,41.968
"nnziInMDTH","2022-03-11 14:34:58",-78.7879209,42.9997925,0,16.276
"nnziInMDTH","2022-03-12 22:34:12",-77.565741,43.1884596,0,24.397
"nnziInMDTH","2022-03-12 00:06:31",-78.8647592,42.9840865,0,16.412
"nnziInMDTH","2022-03-12 02:11:49",-78.864725,42.9841089,0,16.112
"nnziInMDTH","2022-03-12 02:38:00",-78.8647368,42.9841055,0,16.565
"nnziInMDTH","2022-03-13 20:41:48",-77.6471659,43.1781589,0,20
"nnziInMDTH","2022-03-13 13:00:14",-77.5657371,43.188454,0,22.119
"nnziInMDTH","2022-03-12 12:08:06",-77.6136948,43.1608645,0,1399.999
"nnziInMDTH","2022-03-13 22:38:07",-77.886054,43.0952257,0,954.404
"nnziInMDTH","2022-03-13 01:37:19",-77.5657001,43.1884972,0,42.885
"nnziInMDTH","2022-03-12 10:53:21",-78.8515352,42.9824449,0,1600
"nnziInMDTH","2022-03-13 15:08:30",-77.6471661,43.178158,0,20
"nnziInMDTH","2022-03-12 02:21:50",-78.8647322,42.9840982,0,15.859
"nnziInMDTH","2022-03-11 18:17:45",-78.8647541,42.9841234,0,16.407
"nnziInMDTH","2022-03-12 20:51:47",-77.5657449,43.1884933,0,40.434
"nnziInMDTH","2022-03-11 14:57:58",-78.7862448,43.0014392,0,18.957
"nnziInMDTH","2022-03-12 12:46:18",-77.5657253,43.1884572,0,21.189
"nnziInMDTH","2022-03-11 17:10:11",-78.8647617,42.9840876,0,14.867
"nnziInMDTH","2022-03-13 14:48:40",-77.6471699,43.178159,0,20.9
"nnziInMDTH","2022-03-12 14:34:12",-77.5657155,43.1884597,0,22.331
"nnziInMDTH","2022-03-13 12:49:19",-77.5654165,43.1884275,0,29.179
"nnziInMDTH","2022-03-11 16:59:11",-78.8647661,42.9840924,0,16.077
"nnziInMDTH","2022-03-11 14:56:03",-78.7861566,43.0012877,0,22.074
"nnziInMDTH","2022-03-12 21:11:21",-77.5657516,43.1884845,0,38.729
"nnziInMDTH","2022-03-13 21:40:50",-77.6471672,43.1781611,0,20
"nnziInMDTH","2022-03-12 02:30:09",-78.8647342,42.9841116,0,16.257
"nnziInMDTH","2022-03-13 23:25:50",-78.8359638,43.0028255,0,1799.999
"nnziInMDTH","2022-03-14 00:40:53",-78.864746,42.9841044,0,15.992
"nnziInMDTH","2022-03-13 21:44:57",-77.6471659,43.1781573,0.07770136,20
"nnziInMDTH","2022-03-13 23:00:14",-78.1879703,43.0159961,0,1899.999
"nnziInMDTH","2022-03-12 10:23:04",-78.8647169,42.9842445,0.0029765358,4.422
"nnziInMDTH","2022-03-11 23:51:15",-78.8647308,42.9840847,0,16.456
"nnziInMDTH","2022-03-13 11:44:10",-77.5657492,43.1884502,0,15.206
"nnziInMDTH","2022-03-12 15:08:01",-77.56557,43.1884589,0,37.081
"nnziInMDTH","2022-03-12 03:20:31",-78.864738,42.9841021,0,17.06
"nnziInMDTH","2022-03-13 16:52:59",-77.6471661,43.1781575,0,20
"nnziInMDTH","2022-03-12 14:04:25",-77.565748,43.1884561,0,26.057
"nnziInMDTH","2022-03-12 12:02:20",-77.7711345,43.1138189,0,2099.999
"nnziInMDTH","2022-03-12 22:20:35",-77.5657451,43.1885038,0,39.89
"nnziInMDTH","2022-03-13 10:10:46",-77.5656483,43.1884584,0,40.528
"nnziInMDTH","2022-03-12 21:59:24",-77.5656724,43.1885492,0,46.6
"nnziInMDTH","2022-03-13 12:08:43",-77.5656993,43.1884984,0,36.283
"nnziInMDTH","2022-03-12 22:08:35",-77.5657451,43.1885038,0,39.89
"nnziInMDTH","2022-03-14 01:20:57",-78.8647318,42.9841141,0,14.451
"nnziInMDTH","2022-03-13 20:34:47",-77.6471659,43.1781589,0,20
"nnziInMDTH","2022-03-13 21:55:15",-77.6471642,43.1781586,0,20
"nnziInMDTH","2022-03-13 12:51:23",-77.5654165,43.1884275,0,29.179
"nnziInMDTH","2022-03-12 18:24:40",-77.5656749,43.1885508,0,41.432
"nnziInMDTH","2022-03-11 19:55:27",-78.8647758,42.9841009,0,17.35
"nnziInMDTH","2022-03-12 19:21:18",-77.5657252,43.1884049,0,36.125
"nnziInMDTH","2022-03-12 21:01:47",-77.5657449,43.1884933,0,40.434
"nnziInMDTH","2022-03-12 20:04:10",-77.5656628,43.1884465,0,41.844
"nnziInMDTH","2022-03-13 23:12:45",-78.5368031,42.9678715,0,2299.999
"nnziInMDTH","2022-03-13 12:21:33",-77.5654757,43.1882742,0.006157757,3.763
"nnziInMDTH","2022-03-11 14:24:31",-78.7882897,43.0003521,0,15.087
"nnziInMDTH","2022-03-12 08:05:18",-78.8647301,42.9840967,0,16.621
"nnziInMDTH","2022-03-12 03:35:42",-78.864738,42.9841021,0,17.06
"nnziInMDTH","2022-03-14 00:10:44",-78.8647787,42.9841222,0,15.265
"nnziInMDTH","2022-03-12 11:17:30",-78.6497274,42.9467702,0,1758.871
"nnziInMDTH","2022-03-13 19:26:21",-77.647166,43.1781585,0,20
"nnziInMDTH","2022-03-11 17:20:11",-78.8647617,42.9840876,0,14.867
"nnziInMDTH","2022-03-12 11:09:20",-78.7867645,42.97945,0,354.153
"nnziInMDTH","2022-03-14 01:27:01",-78.8647318,42.9841141,0,14.451
"nnziInMDTH","2022-03-12 01:31:22",-78.8647325,42.9840782,0,15.446
"nnziInMDTH","2022-03-11 17:37:24",-78.8607781,42.9841969,0,72.9
"nnziInMDTH","2022-03-13 11:01:14",-77.56573,43.1884994,0,42.968
"nnziInMDTH","2022-03-11 15:52:49",-78.8647224,42.9841101,0,15.251
"nnziInMDTH","2022-03-14 01:18:57",-78.8647318,42.9841141,0,14.451
"nnziInMDTH","2022-03-13 18:37:51",-77.6471671,43.1781641,0,20
"nnziInMDTH","2022-03-11 14:14:31",-78.7882897,43.0003521,0,15.087
"nnziInMDTH","2022-03-13 10:16:10",-77.5656483,43.1884584,0,40.528
"nnziInMDTH","2022-03-14 00:05:00",-78.8647787,42.9841222,0,15.265
"nnziInMDTH","2022-03-11 18:55:10",-78.8647444,42.9841184,0,16.958
"nnziInMDTH","2022-03-13 21:38:26",-77.6471672,43.1781611,0,20
"nnziInMDTH","2022-03-13 10:51:32",-77.56573,43.1884994,0,42.968
"nnziInMDTH","2022-03-13 18:13:07",-77.6471692,43.1781602,0,20
"nnziInMDTH","2022-03-12 12:31:48",-77.5657194,43.188448,0,39.532
"nnziInMDTH","2022-03-11 15:37:15",-78.7835424,43.0088594,0,15.959
"nnziInMDTH","2022-03-12 11:29:20",-78.4050182,43.0045571,0,2799.999
"nnziInMDTH","2022-03-13 13:15:38",-77.5657554,43.1884741,0,37.669
"nnziInMDTH","2022-03-11 17:54:36",-78.8647392,42.98425,0.21997276,3.9
"nnziInMDTH","2022-03-13 00:30:08",-77.5656867,43.1885072,0,38.469
"nnziInMDTH","2022-03-12 20:31:59",-77.5657341,43.1884485,0,27.296
"nnziInMDTH","2022-03-12 20:37:59",-77.5657341,43.1884485,0,27.296
"nnziInMDTH","2022-03-13 22:49:07",-78.1149269,43.0173392,0,2599.999
"nnziInMDTH","2022-03-13 21:35:25",-77.6471672,43.1781611,0,20
"nnziInMDTH","2022-03-11 19:46:14",-78.8647758,42.9841009,0,17.35
"nnziInMDTH","2022-03-11 15:52:11",-78.8561353,42.9837976,0,800
"nnziInMDTH","2022-03-12 19:52:08",-77.5654358,43.1884337,0,43.244
"nnziInMDTH","2022-03-12 11:53:20",-77.8040256,43.1027308,0,2400
"nnziInMDTH","2022-03-13 20:51:48",-77.6471659,43.1781589,0,20
"nnziInMDTH","2022-03-13 21:59:15",-77.6471642,43.1781586,0,20
"nnziInMDTH","2022-03-13 22:40:46",-77.9401325,43.0751715,0,800
"nnziInMDTH","2022-03-12 10:45:23",-78.8515352,42.9824449,0,1600
"nnziInMDTH","2022-03-12 19:56:10",-77.5656628,43.1884465,0,41.844
"nnziInMDTH","2022-03-12 21:23:35",-77.5655985,43.1884985,0,43.947
"nnziInMDTH","2022-03-12 18:39:43",-77.5657436,43.1884545,0,17.289
"nnziInMDTH","2022-03-13 08:44:26",-77.5657415,43.1884515,0,29.543
"nnziInMDTH","2022-03-12 19:28:51",-77.5657265,43.1884859,0,41.968
"nnziInMDTH","2022-03-13 12:39:23",-77.5654165,43.1884275,0,29.179
"nnziInMDTH","2022-03-12 20:59:30",-77.5657449,43.1884933,0,40.434
"nnziInMDTH","2022-03-13 20:21:02",-77.6471652,43.1781581,0,20
"nnziInMDTH","2022-03-13 18:53:57",-77.6471656,43.1781589,0,20
"nnziInMDTH","2022-03-12 11:38:33",-78.2798336,43.0159396,0,2663
"nnziInMDTH","2022-03-11 16:42:59",-78.8647423,42.9841137,0,13.806
"nnziInMDTH","2022-03-12 19:13:50",-77.5657142,43.188434,0,31.817
"nnziInMDTH","2022-03-12 20:06:10",-77.5656628,43.1884465,0,41.844
"nnziInMDTH","2022-03-13 21:22:58",-77.6471703,43.1781618,0,20
"nnziInMDTH","2022-03-12 15:17:35",-77.5656959,43.188492,0,32.932
"nnziInMDTH","2022-03-13 19:11:18",-77.647166,43.1781585,0,20
"nnziInMDTH","2022-03-13 12:19:33",-77.5654757,43.1882742,0.006157757,3.763
"nnziInMDTH","2022-03-12 15:56:20",-77.5655523,43.1884645,0,41.215
"nnziInMDTH","2022-03-13 11:15:55",-77.565731912929,43.1884472541494,0,12592.371
"nnziInMDTH","2022-03-13 10:01:24",-77.565719,43.1885172,0,47.299
"nnziInMDTH","2022-03-13 20:49:48",-77.6471659,43.1781589,0,20
"nnziInMDTH","2022-03-14 01:10:57",-78.8647318,42.9841141,0,14.451
"nnziInMDTH","2022-03-11 18:29:11",-78.8647669,42.9841112,0,15.522
"nnziInMDTH","2022-03-13 13:19:12",-77.5657554,43.1884741,0,37.669
"nnziInMDTH","2022-03-13 21:48:34",-77.6471642,43.1781586,0,20
"nnziInMDTH","2022-03-13 18:23:12",-77.6471637,43.1781577,0,20
"nnziInMDTH","2022-03-12 04:23:24",-78.8647414,42.984121,0,15.479
"nnziInMDTH","2022-03-11 19:39:36",-78.864768,42.9841119,0,17.783
"nnziInMDTH","2022-03-12 02:50:18",-78.8647368,42.9841055,0,16.565
"nnziInMDTH","2022-03-13 21:53:15",-77.6471642,43.1781586,0,20
"nnziInMDTH","2022-03-13 14:08:46",-77.5657396,43.1884613,0,20
"nnziInMDTH","2022-03-12 21:48:59",-77.5657125,43.1884808,0,36.81
"nnziInMDTH","2022-03-11 21:49:57",-78.8647704,42.9841094,0,15.803
"nnziInMDTH","2022-03-12 17:26:33",-77.5657469,43.1884591,0,22.244
"nnziInMDTH","2022-03-12 20:48:09",-77.5657015,43.188461,0,42.558
"nnziInMDTH","2022-03-13 13:29:11",-77.5656508,43.1884392,0,46.521
"nnziInMDTH","2022-03-14 01:00:57",-78.8647318,42.9841141,0,14.451
"nnziInMDTH","2022-03-13 12:11:36",-77.5657565,43.1884441,0,37.087
"nnziInMDTH","2022-03-11 19:56:03",-78.8647833,42.9841095,0,17.654
"nnziInMDTH","2022-03-11 17:10:15",-78.8647617,42.9840876,0,14.867
"nnziInMDTH","2022-03-11 16:48:59",-78.8647423,42.9841137,0,13.806
"nnziInMDTH","2022-03-12 22:10:35",-77.5657451,43.1885038,0,39.89
"nnziInMDTH","2022-03-13 16:22:58",-77.6471679,43.1781614,0,20
"nnziInMDTH","2022-03-11 21:14:56",-78.864759,42.9840965,0,17.634
"nnziInMDTH","2022-03-13 19:36:06",-77.6471656,43.178158,0,20
"nnziInMDTH","2022-03-11 23:37:41",-78.8647308,42.9840847,0,16.456
"nnziInMDTH","2022-03-13 13:25:11",-77.5656508,43.1884392,0,46.521
"nnziInMDTH","2022-03-13 19:59:01",-77.6471653,43.1781578,0,20
"nnziInMDTH","2022-03-12 08:54:08",-78.8647366,42.9840888,0,16.079
"nnziInMDTH","2022-03-11 15:37:31",-78.78332,43.0090452,0,14.901
"nnziInMDTH","2022-03-11 17:24:36",-78.8647617,42.9840876,0,14.867
"nnziInMDTH","2022-03-12 21:28:52",-77.5655985,43.1884985,0,43.947
"nnziInMDTH","2022-03-13 13:48:37",-77.5656853,43.1885097,0,36.258
"nnziInMDTH","2022-03-12 21:58:51",-77.5656724,43.1885492,0,46.6
"nnziInMDTH","2022-03-13 22:06:06",-77.6471682,43.1781603,0,20
"nnziInMDTH","2022-03-12 15:02:01",-77.56557,43.1884589,0,37.081
"nnziInMDTH","2022-03-13 23:55:31",-78.8647636,42.9841016,0,15.011
"nnziInMDTH","2022-03-11 17:46:38",-78.8647334,42.9841167,0,15.162
"nnziInMDTH","2022-03-12 15:13:35",-77.5656959,43.188492,0,32.932
"nnziInMDTH","2022-03-13 21:25:47",-77.6471703,43.1781618,0,20
"nnziInMDTH","2022-03-11 14:52:44",-78.7861566,43.0012877,0,22.074
"nnziInMDTH","2022-03-11 15:30:53",-78.785632,43.0067047,0,18.367
"nnziInMDTH","2022-03-12 00:20:17",-78.8647592,42.9840865,0,16.412
"nnziInMDTH","2022-03-12 01:50:17",-78.8647399,42.9841312,0,12.814
"nnziInMDTH","2022-03-12 18:11:20",-77.5657496,43.1884523,0,68.4
"nnziInMDTH","2022-03-13 12:47:18",-77.5654165,43.1884275,0,29.179
"nnziInMDTH","2022-03-14 00:45:48",-78.864746,42.9841044,0,15.992
"nnziInMDTH","2022-03-12 13:11:56",-77.5654933,43.1882524,0.08262808,5.896
"nnziInMDTH","2022-03-13 13:29:57",-77.5656508,43.1884392,0,46.521
"nnziInMDTH","2022-03-12 01:50:32",-78.8647399,42.9841312,0,12.814
"nnziInMDTH","2022-03-13 21:01:57",-77.6471653,43.1781587,0.024894176,20
"nnziInMDTH","2022-03-12 20:00:10",-77.5656628,43.1884465,0,41.844
"nnziInMDTH","2022-03-13 14:54:26",-77.6471699,43.178159,0,20.9
"nnziInMDTH","2022-03-12 18:57:02",-77.5587252,43.2045377,0,22.032
"nnziInMDTH","2022-03-11 17:27:00",-78.8647836,42.984124,0,14.683
"nnziInMDTH","2022-03-12 21:38:58",-77.5657125,43.1884808,0,36.81
"nnziInMDTH","2022-03-13 09:39:32",-77.5657415,43.1884515,0,29.543
"nnziInMDTH","2022-03-13 22:25:47",-77.6471483,43.1781694,0,30
"nnziInMDTH","2022-03-12 13:41:40",-77.5657381,43.188451,0,27.151
"nnziInMDTH","2022-03-13 10:46:10",-77.5657879,43.1884717,0,38.249
"nnziInMDTH","2022-03-13 11:23:21",-77.5656734,43.1885757,0,59.107
"nnziInMDTH","2022-03-12 10:57:49",-78.864787,42.9840817,0,17.805
"nnziInMDTH","2022-03-13 00:14:00",-77.565732,43.1884482,0,24.439
"nnziInMDTH","2022-03-13 18:22:58",-77.6471637,43.1781577,0,20
"nnziInMDTH","2022-03-13 16:08:16",-77.6471679,43.1781614,0,20
"nnziInMDTH","2022-03-12 08:20:17",-78.8647321,42.9840926,0,17.977
"nnziInMDTH","2022-03-12 19:24:21",-77.5657265,43.1884859,0,41.968
"nnziInMDTH","2022-03-12 19:11:47",-77.5657115,43.1884244,0,30.502
"nnziInMDTH","2022-03-12 21:21:21",-77.5657516,43.1884845,0,38.729
"nnziInMDTH","2022-03-11 20:41:53",-78.8647306,42.9841221,0,17.282
"nnziInMDTH","2022-03-12 22:13:53",-77.5657451,43.1885038,0,39.89
"nnziInMDTH","2022-03-13 15:44:58",-77.6471667,43.1781596,0,20
"nnziInMDTH","2022-03-13 21:11:11",-77.6471653,43.1781587,0.024894176,20
"nnziInMDTH","2022-03-12 21:40:59",-77.5657125,43.1884808,0,36.81
"nnziInMDTH","2022-03-11 15:55:09",-78.8647224,42.9841101,0,15.251
"nnziInMDTH","2022-03-13 17:04:47",-77.6471672,43.1781635,0,20
"nnziInMDTH","2022-03-13 21:07:57",-77.6471653,43.1781587,0.024894176,20
"nnziInMDTH","2022-03-13 00:00:01",-77.565732,43.1884482,0,24.439
"nnziInMDTH","2022-03-12 22:29:05",-77.565741,43.1884596,0,24.397
"nnziInMDTH","2022-03-12 10:38:09",-78.8647284,42.9841254,0,15.738
"nnziInMDTH","2022-03-13 12:29:33",-77.5654757,43.1882742,0.006157757,3.763
"nnziInMDTH","2022-03-12 15:35:49",-77.5655454,43.1884624,0,36.101
"nnziInMDTH","2022-03-13 04:41:33",-77.5657415,43.1884515,0,29.543
"nnziInMDTH","2022-03-13 18:59:23",-77.6471699,43.1781616,0,20
"nnziInMDTH","2022-03-11 16:32:59",-78.8647423,42.9841137,0,13.806
"nnziInMDTH","2022-03-11 18:25:09",-78.8647541,42.9841234,0,16.407
"nnziInMDTH","2022-03-11 15:36:47",-78.7835424,43.0088594,0,15.959
"nnziInMDTH","2022-03-13 14:35:37",-77.6159911,43.1918637,0,482.684
"nnziInMDTH","2022-03-12 01:50:14",-78.8647325,42.9840782,0,15.446
"nnziInMDTH","2022-03-12 15:23:35",-77.5656959,43.188492,0,32.932
"nnziInMDTH","2022-03-11 14:26:31",-78.7882897,43.0003521,0,15.087
"nnziInMDTH","2022-03-12 23:44:00",-77.5657026,43.1884895,0,35.436
"nnziInMDTH","2022-03-12 18:26:40",-77.5656749,43.1885508,0,41.432
"nnziInMDTH","2022-03-11 17:46:54",-78.8647405,42.9842564,0.0072719264,3.977
"nnziInMDTH","2022-03-11 16:18:59",-78.8647362,42.9841222,0,13.58
"nnziInMDTH","2022-03-12 16:56:27",-77.5654615,43.1882389,0.42241204,26.131
"nnziInMDTH","2022-03-12 21:30:58",-77.5657125,43.1884808,0,36.81
"nnziInMDTH","2022-03-13 21:50:34",-77.6471642,43.1781586,0,20
"nnziInMDTH","2022-03-13 23:31:53",-78.8647418,42.9841074,0,15.224
"nnziInMDTH","2022-03-11 15:52:21",-78.8647224,42.9841101,0,15.251
"nnziInMDTH","2022-03-13 18:03:35",-77.6471692,43.1781602,0,20
"nnziInMDTH","2022-03-12 12:19:08",-77.5657494,43.1884739,0,38.142
"nnziInMDTH","2022-03-11 16:24:49",-78.8647362,42.9841222,0,13.58
"nnziInMDTH","2022-03-11 19:26:14",-78.8647324,42.9841176,0,17.314
"nnziInMDTH","2022-03-12 22:28:12",-77.565741,43.1884596,0,24.397
"nnziInMDTH","2022-03-12 19:40:11",-77.5657265,43.1884859,0,41.968
"nnziInMDTH","2022-03-12 15:21:35",-77.5656959,43.188492,0,32.932
"nnziInMDTH","2022-03-13 11:34:46",-77.5657463,43.1884563,0,20
"nnziInMDTH","2022-03-13 11:46:32",-77.5657492,43.1884502,0,15.206
"nnziInMDTH","2022-03-12 23:48:15",-77.565732,43.1884482,0,24.439
"nnziInMDTH","2022-03-13 20:40:47",-77.6471659,43.1781589,0,20
"nnziInMDTH","2022-03-13 12:27:33",-77.5654757,43.1882742,0.006157757,3.763
"nnziInMDTH","2022-03-13 16:18:50",-77.6471679,43.1781614,0,20
"nnziInMDTH","2022-03-13 16:49:33",-77.6471663,43.1781591,0,20
"nnziInMDTH","2022-03-11 14:37:29",-78.7877328,42.9998497,0,13.829
"nnziInMDTH","2022-03-12 22:00:35",-77.5657451,43.1885038,0,39.89
"nnziInMDTH","2022-03-13 14:06:07",-77.5657396,43.1884613,0,20
"nnziInMDTH","2022-03-12 18:26:47",-77.5656749,43.1885508,0,41.432
"nnziInMDTH","2022-03-13 12:06:34",-77.5657193,43.1885063,0,37.365
"nnziInMDTH","2022-03-11 15:27:21",-78.7924218,43.0057327,0,1899.999
"nnziInMDTH","2022-03-12 19:07:47",-77.5657115,43.1884244,0,30.502
"nnziInMDTH","2022-03-12 20:57:47",-77.5657449,43.1884933,0,40.434
"nnziInMDTH","2022-03-13 22:13:21",-77.6471682,43.1781603,0,20
"nnziInMDTH","2022-03-11 18:53:24",-78.8647444,42.9841184,0,16.958
"nnziInMDTH","2022-03-12 23:23:26",-77.5657026,43.1884895,0,35.436
"nnziInMDTH","2022-03-13 09:56:16",-77.565719,43.1885172,0,47.299
"nnziInMDTH","2022-03-12 14:46:47",-77.5656391,43.1885276,0,41.75
"nnziInMDTH","2022-03-12 22:36:12",-77.565741,43.1884596,0,24.397
"nnziInMDTH","2022-03-11 15:02:33",-78.7862621,43.0014407,0,12.046
"nnziInMDTH","2022-03-13 10:06:46",-77.5656483,43.1884584,0,40.528
"nnziInMDTH","2022-03-12 21:13:47",-77.5657516,43.1884845,0,38.729
"nnziInMDTH","2022-03-11 20:25:51",-78.8647365,42.9840889,0,15.431
"nnziInMDTH","2022-03-14 01:10:28",-78.8647318,42.9841141,0,14.451
"nnziInMDTH","2022-03-12 19:03:13",-77.5581277,43.2047594,0,69.4
"nnziInMDTH","2022-03-11 21:37:11",-78.8647656,42.9840879,0,17.046
"nnziInMDTH","2022-03-13 20:45:48",-77.6471659,43.1781589,0,20
"nnziInMDTH","2022-03-13 23:10:50",-78.3164747,43.0134448,0,2700
"nnziInMDTH","2022-03-12 10:17:31",-78.8647357,42.984114,0,13.756
"nnziInMDTH","2022-03-13 16:38:14",-77.6471689,43.1781606,0,20
"nnziInMDTH","2022-03-14 00:25:28",-78.8647787,42.9841222,0,15.265
"nnziInMDTH","2022-03-12 17:05:30",-77.5656991,43.1885479,0,41.932
"nnziInMDTH","2022-03-12 16:11:21",-77.5657692,43.1884811,0,40.664
"nnziInMDTH","2022-03-13 17:27:40",-77.6471621,43.1781501,0,17.293
"nnziInMDTH","2022-03-12 12:54:16",-77.5657433,43.1884496,0,15.779
"nnziInMDTH","2022-03-13 11:17:13",-77.5656734,43.1885757,0,59.107
"nnziInMDTH","2022-03-13 15:04:56",-77.6471631,43.178157,0,20
"nnziInMDTH","2022-03-12 23:28:36",-77.5657026,43.1884895,0,35.436
"nnziInMDTH","2022-03-12 10:19:37",-78.8647668,42.9840848,0,15.318
"nnziInMDTH","2022-03-13 20:31:57",-77.6471659,43.1781589,0,20
"nnziInMDTH","2022-03-12 17:41:53",-77.5655602,43.1882562,0.8172871,17.443
"nnziInMDTH","2022-03-12 22:59:00",-77.5656707,43.1884967,0,40.468
"nnziInMDTH","2022-03-12 19:50:08",-77.5654358,43.1884337,0,43.244
"nnziInMDTH","2022-03-12 17:12:08",-77.5658143,43.1884918,0,57.412
"nnziInMDTH","2022-03-12 07:20:17",-78.8647472,42.9840908,0,17.052
"nnziInMDTH","2022-03-13 12:58:59",-77.5657371,43.188454,0,22.119
"nnziInMDTH","2022-03-11 21:20:16",-78.864759,42.9840965,0,17.634
"nnziInMDTH","2022-03-12 21:17:21",-77.5657516,43.1884845,0,38.729
"nnziInMDTH","2022-03-12 19:44:08",-77.5654358,43.1884337,0,43.244
"nnziInMDTH","2022-03-11 21:06:14",-78.8647308,42.9840828,0,16.245
"nnziInMDTH","2022-03-11 20:09:36",-78.8647439,42.9841038,0,16.226
"nnziInMDTH","2022-03-13 21:31:42",-77.6471672,43.1781611,0,20
"nnziInMDTH","2022-03-12 22:16:35",-77.5657451,43.1885038,0,39.89
"nnziInMDTH","2022-03-13 18:37:58",-77.6471671,43.1781641,0,20
"nnziInMDTH","2022-03-12 15:41:47",-77.5655718,43.1884865,0,35.206
"nnziInMDTH","2022-03-12 15:37:42",-77.5655454,43.1884624,0,36.101
"nnziInMDTH","2022-03-13 19:41:07",-77.6471656,43.178158,0,20
"nnziInMDTH","2022-03-12 22:53:25",-77.5656707,43.1884967,0,40.468
"nnziInMDTH","2022-03-13 14:59:59",-77.647165,43.1781576,0,20
"nnziInMDTH","2022-03-12 10:35:25",-78.8648053,42.9841234,0,14.497
"nnziInMDTH","2022-03-12 17:16:08",-77.5658143,43.1884918,0,57.412
"nnziInMDTH","2022-03-13 21:28:58",-77.6471703,43.1781618,0,20
"nnziInMDTH","2022-03-12 19:12:50",-77.5657142,43.188434,0,31.817
"nnziInMDTH","2022-03-12 14:26:36",-77.5657155,43.1884597,0,22.331
"nnziInMDTH","2022-03-11 23:11:09",-78.8647534,42.9840803,0,15.896
"nnziInMDTH","2022-03-12 07:09:09",-78.8647472,42.9840908,0,17.052
"nnziInMDTH","2022-03-13 01:37:22",-77.5657001,43.1884972,0,42.885
"nnziInMDTH","2022-03-11 21:07:11",-78.8647528,42.9840916,0,16.06
"nnziInMDTH","2022-03-13 19:08:13",-77.6471699,43.1781616,0,20
"nnziInMDTH","2022-03-12 13:10:24",-77.5654933,43.1882524,0.08262808,5.896
"nnziInMDTH","2022-03-14 00:39:48",-78.864746,42.9841044,0,15.992
"nnziInMDTH","2022-03-12 00:06:16",-78.8647308,42.9840847,0,16.456
"nnziInMDTH","2022-03-13 22:08:50",-77.6471682,43.1781603,0,20
"nnziInMDTH","2022-03-11 14:37:11",-78.7879029,42.9997973,0,14.087
"nnziInMDTH","2022-03-13 10:16:46",-77.5656483,43.1884584,0,40.528
"nnziInMDTH","2022-03-11 19:24:36",-78.8647442,42.9841118,0,16.592
"nnziInMDTH","2022-03-12 14:30:12",-77.5657155,43.1884597,0,22.331
"nnziInMDTH","2022-03-14 00:49:48",-78.864746,42.9841044,0,15.992
"nnziInMDTH","2022-03-11 17:39:36",-78.8647659,42.9841148,0,15.593
"nnziInMDTH","2022-03-12 09:05:19",-78.8647366,42.9840888,0,16.079
"nnziInMDTH","2022-03-13 20:10:30",-77.6471673,43.1781603,0,20
"nnziInMDTH","2022-03-11 18:09:36",-78.8647531,42.9840962,0,15.03
"nnziInMDTH","2022-03-11 14:16:31",-78.7882897,43.0003521,0,15.087
"nnziInMDTH","2022-03-12 14:58:01",-77.56557,43.1884589,0,37.081
"nnziInMDTH","2022-03-12 15:26:20",-77.5655454,43.1884624,0,36.101
"nnziInMDTH","2022-03-13 22:03:33",-77.6471682,43.1781603,0,20
"nnziInMDTH","2022-03-13 09:49:41",-77.5657438,43.1884656,0,20.937
"nnziInMDTH","2022-03-11 22:06:15",-78.8647704,42.9841094,0,15.803
"nnziInMDTH","2022-03-13 21:05:57",-77.6471653,43.1781587,0.024894176,20
"nnziInMDTH","2022-03-13 22:01:30",-77.6471682,43.1781603,0,20
"nnziInMDTH","2022-03-12 14:54:01",-77.56557,43.1884589,0,37.081
"nnziInMDTH","2022-03-13 14:45:18",-77.6471782,43.1781675,0,68.4
"nnziInMDTH","2022-03-12 16:46:28",-77.5657523,43.1884561,0,30.29
"nnziInMDTH","2022-03-12 15:04:01",-77.56557,43.1884589,0,37.081
"nnziInMDTH","2022-03-12 15:31:49",-77.5655454,43.1884624,0,36.101
"nnziInMDTH","2022-03-13 15:16:32",-77.6471682,43.1781621,0,20
"nnziInMDTH","2022-03-12 12:43:51",-77.5656969,43.1884833,0.2612041,31.824
"nnziInMDTH","2022-03-11 17:16:11",-78.8647617,42.9840876,0,14.867
"nnziInMDTH","2022-03-12 21:50:59",-77.5657125,43.1884808,0,36.81
"nnziInMDTH","2022-03-11 20:35:18",-78.8647484,42.9841016,0,14.535
"nnziInMDTH","2022-03-13 12:31:10",-77.5654757,43.1882742,0.006157757,3.763
"nnziInMDTH","2022-03-11 15:07:11",-78.7863943,43.0010716,0.004190854,15.387
"nnziInMDTH","2022-03-12 09:53:32",-78.8647527,42.9841369,0,14.014
"nnziInMDTH","2022-03-13 23:40:51",-78.8647605,42.9840798,0,17.343
"nnziInMDTH","2022-03-11 14:05:15",-78.7877219,43.000398,0,78.335
"nnziInMDTH","2022-03-12 17:52:50",-77.5657496,43.1884523,0,68.4
"nnziInMDTH","2022-03-14 00:29:00",-78.8647787,42.9841222,0,15.265
"nnziInMDTH","2022-03-12 22:44:12",-77.5657424,43.1884659,0,15.968
"nnziInMDTH","2022-03-13 20:55:48",-77.6471659,43.1781593,0,20
"nnziInMDTH","2022-03-13 18:31:39",-77.6471671,43.1781641,0,20
"nnziInMDTH","2022-03-13 10:14:46",-77.5656483,43.1884584,0,40.528
"nnziInMDTH","2022-03-12 15:11:35",-77.5656959,43.188492,0,32.932
"nnziInMDTH","2022-03-13 13:58:10",-77.5657351,43.1884584,0,22.431
"nnziInMDTH","2022-03-13 13:38:58",-77.5657492,43.1884566,0,20
"nnziInMDTH","2022-03-12 07:50:16",-78.8647304,42.9841064,0,16.179
"nnziInMDTH","2022-03-12 19:46:08",-77.5654358,43.1884337,0,43.244
"nnziInMDTH","2022-03-12 19:42:11",-77.5657265,43.1884859,0,41.968
"nnziInMDTH","2022-03-11 18:51:24",-78.8647444,42.9841184,0,16.958
"nnziInMDTH","2022-03-13 20:59:46",-77.6471694,43.1781613,0,20
"nnziInMDTH","2022-03-12 12:23:33",-77.5655937,43.1885033,1.4033588,64.32
"nnziInMDTH","2022-03-12 16:41:44",-77.5655373,43.1884928,0,40.157
"nnziInMDTH","2022-03-13 09:53:41",-77.5657438,43.1884656,0,20.937
"nnziInMDTH","2022-03-12 09:59:55",-78.8647406,42.9841163,0.09307963,13.185
"nnziInMDTH","2022-03-11 20:50:43",-78.8647664,42.984131,0,17.273
"nnziInMDTH","2022-03-13 12:17:29",-77.5654757,43.1882742,0.006157757,3.763
"nnziInMDTH","2022-03-13 22:01:31",-77.6471682,43.1781603,0,20
"nnziInMDTH","2022-03-13 22:10:50",-77.6471682,43.1781603,0,20
"nnziInMDTH","2022-03-12 22:18:35",-77.5657451,43.1885038,0,39.89
"nnziInMDTH","2022-03-12 17:01:37",-77.5657154,43.1884968,0,28.425
"nnziInMDTH","2022-03-11 14:41:04",-78.7868895,42.9998163,0,16.441
"nnziInMDTH","2022-03-12 15:51:37",-77.5655718,43.1884865,0,35.206
"nnziInMDTH","2022-03-13 15:17:27",-77.6471672,43.1781592,0,20
"nnziInMDTH","2022-03-12 15:06:01",-77.56557,43.1884589,0,37.081
"nnziInMDTH","2022-03-11 16:39:38",-78.8647423,42.9841137,0,13.806
"nnziInMDTH","2022-03-12 22:26:12",-77.565741,43.1884596,0,24.397
"nnziInMDTH","2022-03-11 20:33:20",-78.8647484,42.9841016,0,14.535
"nnziInMDTH","2022-03-14 01:06:57",-78.8647318,42.9841141,0,14.451
"nnziInMDTH","2022-03-12 16:36:49",-77.5655373,43.1884928,0,40.157
"nnziInMDTH","2022-03-11 14:22:09",-78.7882897,43.0003521,0,15.087
"nnziInMDTH","2022-03-13 11:02:33",-77.56573,43.1884994,0,42.968
"nnziInMDTH","2022-03-12 21:43:49",-77.5657125,43.1884808,0,36.81
"nnziInMDTH","2022-03-12 18:03:36",-77.5657496,43.1884523,0,68.4
"nnziInMDTH","2022-03-12 02:05:35",-78.8647354,42.9841157,0,13.727
"nnziInMDTH","2022-03-13 18:33:40",-77.6471671,43.1781641,0,20
"nnziInMDTH","2022-03-13 19:55:47",-77.6471656,43.178158,0,20
"nnziInMDTH","2022-03-11 21:24:19",-78.8647656,42.9840879,0,17.046
"nnziInMDTH","2022-03-13 18:07:58",-77.6471692,43.1781602,0,20
"nnziInMDTH","2022-03-14 00:19:00",-78.8647787,42.9841222,0,15.265
"nnziInMDTH","2022-03-12 23:17:25",-77.5656707,43.1884967,0,40.468
"nnziInMDTH","2022-03-12 21:44:59",-77.5657125,43.1884808,0,36.81
"nnziInMDTH","2022-03-13 17:22:58",-77.6471672,43.1781635,0,20
"nnziInMDTH","2022-03-12 13:26:51",-77.5657381,43.188451,0,27.151
"nnziInMDTH","2022-03-13 22:49:08",-77.9694036,43.0361005,0,1399.999
"nnziInMDTH","2022-03-12 23:13:25",-77.5656707,43.1884967,0,40.468
"nnziInMDTH","2022-03-12 09:50:25",-78.8647527,42.9841369,0,14.014
"nnziInMDTH","2022-03-12 15:15:35",-77.5656959,43.188492,0,32.932
"nnziInMDTH","2022-03-11 15:22:09",-78.7889824,43.001048,0,14.059
"nnziInMDTH","2022-03-11 16:55:12",-78.8647423,42.9841137,0,13.806
"nnziInMDTH","2022-03-12 02:21:49",-78.8647283,42.9841001,0,15.935
"nnziInMDTH","2022-03-12 14:56:24",-77.56557,43.1884589,0,37.081
"nnziInMDTH","2022-03-13 18:17:50",-77.6471692,43.1781602,0,20
"nnziInMDTH","2022-03-12 14:41:52",-77.5657155,43.1884597,0,22.331
"nnziInMDTH","2022-03-12 20:42:09",-77.5657015,43.188461,0,42.558
"nnziInMDTH","2022-03-13 10:04:16",-77.565719,43.1885172,0,47.299
"nnziInMDTH","2022-03-13 17:23:02",-77.6471672,43.1781635,0,20
"nnziInMDTH","2022-03-12 18:35:14",-77.5657436,43.1884545,0,17.289
"nnziInMDTH","2022-03-12 07:35:17",-78.8647304,42.9841064,0,16.179
"nnziInMDTH","2022-03-13 21:55:28",-77.6471642,43.1781586,0,20
"nnziInMDTH","2022-03-13 08:44:27",-77.5657415,43.1884515,0,29.543
"nnziInMDTH","2022-03-13 18:28:09",-77.6471637,43.1781577,0,20
"nnziInMDTH","2022-03-12 02:20:16",-78.8647283,42.9841001,0,15.935
"nnziInMDTH","2022-03-12 20:02:10",-77.5656628,43.1884465,0,41.844
"nnziInMDTH","2022-03-13 09:44:29",-77.5657438,43.1884656,0,20.937
"nnziInMDTH","2022-03-13 17:15:02",-77.6471672,43.1781635,0,20
"nnziInMDTH","2022-03-12 19:36:11",-77.5657265,43.1884859,0,41.968
"nnziInMDTH","2022-03-13 13:55:11",-77.5657351,43.1884584,0,22.431
"nnziInMDTH","2022-03-14 00:35:48",-78.864746,42.9841044,0,15.992
"nnziInMDTH","2022-03-13 11:32:52",-77.5657463,43.1884563,0,20
"nnziInMDTH","2022-03-12 10:08:04",-78.8607819,42.9841967,0,92.9
"nnziInMDTH","2022-03-11 16:38:59",-78.8647423,42.9841137,0,13.806
"nnziInMDTH","2022-03-13 16:32:51",-77.6471689,43.1781606,0,20
"nnziInMDTH","2022-03-12 22:04:35",-77.5657451,43.1885038,0,39.89
"nnziInMDTH","2022-03-12 19:07:20",-77.5657382,43.1884887,0,25.364
"nnziInMDTH","2022-03-12 15:27:49",-77.5655454,43.1884624,0,36.101
"nnziInMDTH","2022-03-13 17:25:02",-77.6471672,43.1781635,0,20
"nnziInMDTH","2022-03-13 13:36:58",-77.5657492,43.1884566,0,20
"nnziInMDTH","2022-03-12 21:34:58",-77.5657125,43.1884808,0,36.81
"nnziInMDTH","2022-03-12 22:14:35",-77.5657451,43.1885038,0,39.89
"nnziInMDTH","2022-03-12 12:53:16",-77.5657433,43.1884496,0,15.779
"nnziInMDTH","2022-03-12 14:40:13",-77.5657155,43.1884597,0,22.331
"nnziInMDTH","2022-03-13 17:53:41",-77.6471699,43.1781616,0,20
"nnziInMDTH","2022-03-12 21:53:24",-77.5656724,43.1885492,0,46.6
"nnziInMDTH","2022-03-14 01:16:57",-78.8647318,42.9841141,0,14.451
"nnziInMDTH","2022-03-12 16:50:39",-77.5653974,43.188261,0.25107524,11.026
"nnziInMDTH","2022-03-12 21:07:21",-77.5657516,43.1884845,0,38.729
"nnziInMDTH","2022-03-11 16:29:22",-78.8647416,42.9841159,0,15.402
"nnziInMDTH","2022-03-11 17:14:11",-78.8647617,42.9840876,0,14.867
"nnziInMDTH","2022-03-12 03:05:41",-78.8647229,42.9841116,0,15.571
"nnziInMDTH","2022-03-13 19:08:30",-77.6471699,43.1781616,0,20
"nnziInMDTH","2022-03-12 13:08:21",-77.5656962,43.1884126,0.01154442,48.977
"nnziInMDTH","2022-03-13 12:37:20",-77.5654165,43.1884275,0,29.179
"nnziInMDTH","2022-03-12 14:20:22",-77.5657577,43.1884466,0,46.033
"nnziInMDTH","2022-03-12 14:24:12",-77.5657155,43.1884597,0,22.331
"nnziInMDTH","2022-03-11 14:30:18",-78.7882851,43.0003703,0,15.718
"nnziInMDTH","2022-03-14 00:55:53",-78.864746,42.9841044,0,15.992
"nnziInMDTH","2022-03-11 15:07:32",-78.7866071,43.0010319,0,14.43
"nnziInMDTH","2022-03-13 11:55:11",-77.5657492,43.1884502,0,15.206
"nnziInMDTH","2022-03-13 13:44:57",-77.5656853,43.1885097,0,36.258
"nnziInMDTH","2022-03-12 17:07:30",-77.5656991,43.1885479,0,41.932
"nnziInMDTH","2022-03-13 12:01:50",-77.5657492,43.1884502,0,15.206
"nnziInMDTH","2022-03-12 13:56:21",-77.565748,43.1884561,0,26.057
"nnziInMDTH","2022-03-13 17:43:47",-77.6471673,43.1781605,0,20
"nnziInMDTH","2022-03-12 11:08:29",-78.8590379,42.9855186,0,33.373
"nnziInMDTH","2022-03-12 12:38:13",-77.5657194,43.188448,0,39.532
"nnziInMDTH","2022-03-13 12:31:33",-77.5654757,43.1882742,0.006157757,3.763
"nnziInMDTH","2022-03-12 23:07:25",-77.5656707,43.1884967,0,40.468
"nnziInMDTH","2022-03-13 16:00:25",-77.6471643,43.1781566,0,20
"nnziInMDTH","2022-03-13 12:25:33",-77.5654757,43.1882742,0.006157757,3.763
"nnziInMDTH","2022-03-13 22:55:50",-78.1149269,43.0173392,0,2599.999
"nnziInMDTH","2022-03-12 21:27:35",-77.5655985,43.1884985,0,43.947
"nnziInMDTH","2022-03-11 14:07:18",-78.7883026,43.0004861,0.058831785,20.966
"nnziInMDTH","2022-03-12 11:24:38",-78.5373224,42.9678521,0,2365
"nnziInMDTH","2022-03-11 15:06:57",-78.7878187,43.0010767,0,899.999
"nnziInMDTH","2022-03-12 16:56:49",-77.5654615,43.1882389,0.42241204,26.131
"nnziInMDTH","2022-03-12 20:43:36",-77.5657015,43.188461,0,42.558
"nnziInMDTH","2022-03-12 22:24:54",-77.5657248,43.1884544,0,27.209
"nnziInMDTH","2022-03-13 21:20:58",-77.6471703,43.1781618,0,20
"nnziInMDTH","2022-03-11 21:54:21",-78.8647704,42.9841094,0,15.803
"nnziInMDTH","2022-03-13 17:12:47",-77.6471672,43.1781635,0,20
"nnziInMDTH","2022-03-13 17:53:35",-77.6471699,43.1781616,0,20
"nnziInMDTH","2022-03-11 14:50:43",-78.7851645,43.0018041,1.6784911,14.742
"nnziInMDTH","2022-03-12 14:14:25",-77.565748,43.1884561,0,26.057
"nnziInMDTH","2022-03-13 14:30:06",-77.575733,43.1966589,0,1600
"nnziInMDTH","2022-03-13 21:43:29",-77.6471672,43.1781611,0,20
"nnziInMDTH","2022-03-13 14:16:51",-77.5657396,43.1884613,0,20
"nnziInMDTH","2022-03-12 14:11:20",-77.565748,43.1884561,0,26.057
"nnziInMDTH","2022-03-12 21:55:24",-77.5656724,43.1885492,0,46.6
"nnziInMDTH","2022-03-13 00:29:38",-77.5656959,43.1884889,0,41.212
"nnziInMDTH","2022-03-13 12:41:48",-77.5654165,43.1884275,0,29.179
"nnziInMDTH","2022-03-12 20:22:19",-77.5657341,43.1884485,0,27.296
"nnziInMDTH","2022-03-13 17:08:28",-77.6471672,43.1781635,0,20
"nnziInMDTH","2022-03-11 16:52:59",-78.8647423,42.9841137,0,13.806
"nnziInMDTH","2022-03-12 17:56:22",-77.5657496,43.1884523,0,68.4
"nnziInMDTH","2022-03-11 21:00:18",-78.8647497,42.9840867,0,16.71
"nnziInMDTH","2022-03-12 23:14:02",-77.5656707,43.1884967,0,40.468
"nnziInMDTH","2022-03-12 15:12:22",-77.5656959,43.188492,0,32.932
"nnziInMDTH","2022-03-12 22:06:35",-77.5657451,43.1885038,0,39.89
"nnziInMDTH","2022-03-12 23:03:25",-77.5656707,43.1884967,0,40.468
"nnziInMDTH","2022-03-13 10:31:11",-77.5657732,43.1885427,0,51.301
"nnziInMDTH","2022-03-12 20:28:47",-77.5657341,43.1884485,0,27.296
"nnziInMDTH","2022-03-13 20:56:46",-77.6471659,43.1781593,0,20
"nnziInMDTH","2022-03-13 10:55:49",-77.56573,43.1884994,0,42.968
"nnziInMDTH","2022-03-12 18:28:40",-77.5656749,43.1885508,0,41.432
"nnziInMDTH","2022-03-13 17:32:16",-77.6471642,43.1781577,0,20
"nnziInMDTH","2022-03-12 22:23:13",-77.5657539,43.1885055,0,38.865
"nnziInMDTH","2022-03-12 15:25:49",-77.5655454,43.1884624,0,36.101
"nnziInMDTH","2022-03-11 16:09:41",-78.8647362,42.9841222,0,13.58
"nnziInMDTH","2022-03-13 10:40:59",-77.5657879,43.1884717,0,38.249
"nnziInMDTH","2022-03-14 00:55:48",-78.864746,42.9841044,0,15.992
"nnziInMDTH","2022-03-13 13:13:12",-77.5657122,43.1884488,0,30.076
"nnziInMDTH","2022-03-11 17:04:11",-78.8647617,42.9840876,0,14.867
"nnziInMDTH","2022-03-12 15:33:49",-77.5655454,43.1884624,0,36.101
"nnziInMDTH","2022-03-12 20:20:57",-77.5657514,43.1884677,0,21.172
"nnziInMDTH","2022-03-12 18:41:26",-77.5657436,43.1884545,0,17.289
"nnziInMDTH","2022-03-13 04:43:47",-77.5657415,43.1884515,0,29.543
"nnziInMDTH","2022-03-13 09:46:10",-77.5657438,43.1884656,0,20.937
"nnziInMDTH","2022-03-12 09:50:52",-78.8647527,42.9841369,0,14.014
"nnziInMDTH","2022-03-12 14:44:13",-77.5657155,43.1884597,0,22.331
"nnziInMDTH","2022-03-13 15:59:59",-77.6471667,43.1781596,0,20
"nnziInMDTH","2022-03-11 20:24:37",-78.8647439,42.9841038,0,16.226
"nnziInMDTH","2022-03-12 16:26:24",-77.5657675,43.1884509,0,24.245
"nnziInMDTH","2022-03-13 17:02:09",-77.6471672,43.1781635,0,20
"nnziInMDTH","2022-03-12 17:11:30",-77.5658143,43.1884918,0,57.412
"nnziInMDTH","2022-03-12 14:36:12",-77.5657155,43.1884597,0,22.331
"nnziInMDTH","2022-03-14 01:28:45",-78.8647612,42.9840997,0,14.826
"nnziInMDTH","2022-03-13 16:07:10",-77.6471679,43.1781614,0,20
"nnziInMDTH","2022-03-12 20:11:53",-77.5657514,43.1884677,0,21.172
"nnziInMDTH","2022-03-13 19:24:13",-77.647166,43.1781585,0,20
"nnziInMDTH","2022-03-13 17:38:04",-77.6471642,43.1781577,0,20
"nnziInMDTH","2022-03-13 15:29:58",-77.6471672,43.1781592,0,20
"nnziInMDTH","2022-03-11 13:53:27",-78.7892351,43.0003165,0,1000
